Idx;GPU (CUDA);sd;error
30;18.858259559715822;0.09992030792116341;0.038633772475241815
